"Author","Name","Description","Code"
"Unknown/Community","the 42 melody","Separately discovered by several people on irc.","t*(42&t>>10)"
"Unknown/Community","t","","t"
"bear @ celephais","","","t+(t&t^t>>6)-t*((t>>9)&(t%16?2:6)&t>>9)"
"SthephanShi","Explosions","","(t>>2)*(t>>5)|t>>5"
"SthephanShi","Explosions #2","","(t>>4)*(t>>3)|t>>3"
"SthephanShi","Explosive beat","Obtained from combining the two formulas.","(t>>4)*(t>>3)|t>>(t&4096?3:2)"
"SthephanShi","M-m-multiple explosion beat","","(t>>4)*(t>>2)|t>>(t>>12)%4"
"SthephanShi","Wheezing modem","","100*((t<<2|t>>5|t^63)&(t<<10|t>>11))"
"SthephanShi","Robocop","","(t>>2)*(t&(t&32768?16:24)|t>>(t>>8&28))|t>>2"
"SthephanShi","Robocop with slower tempo","","(t>>2)*(t&(t&32768?16:24)|t>>(t>>8&24))|t>>3"
"SthephanShi","Toy phone","Sounds similar to children's toys.","t*((t>>10|t%16*t>>5)&8*t>>10&18)"
"SthephanShi","Funny voice calling","","t*((t>>10|t%16*t>>5)&8*t>>12&18)"
"SthephanShi","Meowing cat calling","","t*((t>>10|t%16*t>>8)&8*t>>12&18)"
"SthephanShi","Child swings","","t>>9&2*t&10*t|t>>5&6*t"
"SthephanShi","Cat-girl","","17*t|(t>>2)+(t&32768?13:14)*t|t>>3|t>>5"
"SthephanShi","Trance beat","","t>>(t%16?4:6)|t>>(t%128?10:4)"
"SthephanShi","Trance beat #2","","t>>(t%32?4:3)|(t%128?t>>3:t>>3|t>>9)"
"SthephanShi","Brain burner","","129*t%(t>>7)"
"SthephanShi","Psychedelica","","t^t%1001+t^t%1002"
"SthephanShi","Protoss engine","","2*(-t%128|t%130)"
"SthephanShi","Harmonics","","t<<2^t>>4^t<<4&t>>8|t<<1&-t>>4"
"SthephanShi","Bass beat + lead","","15-t%(t&16384?26:29)&t>>4|t<<1&-t>>4"
"SthephanShi","Arabic beat","","t%((t&-16|t>>10)&42)*4|t>>4"
"SthephanShi","Arabic beat #2","","t%((t&-16|t>>11)&42)*4|t>>4"
"SthephanShi","Game level","","t*(2-(1&-t>>11))*(5+(2&t>>14))>>(3&t>>8)|t>>2"
"SthephanShi","Boss level","Slowing down the rhythm to |t>>3... Sounds dangerous!","t*(2-(1&-t>>11))*(5+(2&t>>14))>>(3&t>>8)|t>>3"
"SthephanShi","Boss level #2","Another pattern using the ternary operator. The rhythm is slowed down to |t>>4","t*(t&16384?7:5)*(1+(1&t>>12))>>(3&t>>8)|t>>4"
"SthephanShi","Boss level #3","Changing the coefficients adds harmonics.","t*(t&16384?7:5)*(3+(1&t>>8))>>(3&t>>8)|t>>4"
"SthephanShi","Boss level #4","Complicated rhythm with ternary operator |t>>(t&4096?3:4)","t*(t&16384?7:5)*(4-(1&t>>8))>>(3&t>>8)|t>>(t&4096?3:4)"
"SthephanShi","Aliens on approach","Slowing down the explosions to 3&t>>9, get a heavy beat.","t*(t&16384?6:5)*(3-(1&t>>8))>>(3&t>>9)|t>>4"
"SthephanShi","Aliens are close","t>>5 rhythm","t*(t&16384?6:5)*(3+(1&t>>8))>>(3&t>>9)|t>>5"
"SthephanShi","Aliens are here","t>>6 gives SUPER POWERFUL ECHOES.","t*(t&16384?6:5)*(4-(1&t>>8))>>(3&t>>9)|t>>6"
"SthephanShi","Mysterious inverted sound","","t*(t&16384?6:5)*(4-(1&t>>8))>>(3&-t>>9)|t>>6"
"SthephanShi","Aliens attack","Complicated (t|t*3)>>5 rhythm with explosive drums.","t*(t&16384?6:5)*(4-(1&t>>8))>>(3&t>>9)|(t|t*3)>>5"
"SthephanShi","Aliens encounter","Making a ternary rhythm gives an EXTRA HARD BEAT!","t*(t&16384?6:5)*(4-(1&t>>8))>>(3&t>>9)|t>>(t&4096?3:4)"
"SthephanShi","Funny inverted sound","","t*(t&16384?6:5)*(3+(3&t>>7))>>(3&t>>9)|t>>(t&4096?3:4)"
"SthephanShi","Prepare to fight","Long period, sound is changing from low to high.","2*t*(t&16384?6:5)*(4-(3&t>>8))>>(3&-t>>15)|t>>(t&4096?3:4)"
"SthephanShi","Aliens encounter + drums","Replacing 3&t>>9 with 3&t>>2 in ""Aliens encounter"" gives a noise sound. This is an excellent instrument for drums, we use it in a ternary 3&t>>(t&4096?2:9)","t*(t&16384?6:5)*(4-(1&t>>8))>>(3&t>>(t&4096?2:9))|t>>(t&4096?3:4)"
"SthephanShi","Prepare to fight + drums","","2*t*(t&16384?6:5)*(4-(3&t>>8))>>(3&-t>>(t&4096?2:15))|t>>(t&4096?3:4)"
"SthephanShi","Ready to fight?","More complex ternary operators to create cool drums.","2*t*(t&16384?6:5)*(4-(3&t>>8))>>(3&-t>>(t&4096?2:15))|t>>(t&8192?t&4096?4:5:3)"
"SthephanShi","Hard level","My favorite formula!","t*(t&16384?7:5)*(5-(3&t>>8))>>(3&-t>>(t&4096?2:16))|t>>(t&16384?t&4096?3:4:3)"
"SthephanShi","Boss level #5","With (1+(3&t>>10)) expression and t>>2 rhythm.","t*(t&16384?7:5)*(1+(3&t>>10))>>(3&t>>8)|t>>2"
"SthephanShi","Another level","Adding a noise beat by using ternary operator.","t*(t&16384?6:5)*(1+(3&t>>(t&2048?4:10)))>>(3&t>>8)|t>>2"
"SthephanShi","Happy level","slightly modified. The sound changes to a more cartoony sound.","t*(t&16384?6:5)*(2+(3&t>>(t&2048?4:9)))>>(3&t>>8)|t>>2"
"SthephanShi","Happy level #2","Inverted 3&-t>>8 gives more happy tune :)","t*(t&16384?6:5)*(2+(3&t>>9))>>(3&-t>>8)|t>>4"
"SthephanShi","Happy level #3","3&-t>>9 gives nice harmonics.","t*(t&16384?6:5)*(2+(3&-t>>9))>>(3&t>>8)|t>>4"
"SthephanShi","Awesome level","We can get a cool cartoon-game melody!","t*(t&16384?6:5)*(3+(3&t>>(t&2048?7:14)))>>(3&t>>9)|t>>2"
"SthephanShi","Awesome level with slower rhythm","","t*(t&16384?6:5)*(3+(3&t>>(t&2048?7:14)))>>(3&t>>9)|t>>3"
"SthephanShi","Awesome level #2","The next awesome level!","t*(t&16384?6:5)*(5-(3&t>>(t&4096?7:14)))>>(3&t>>9)|t>>3"
"SthephanShi","Alien dungeon","So sinister.. t>>6 gives a fading effect.","t*(t&16384?7:5)*(3+(3&t>>14))>>(3&t>>9)|t>>6"
"SthephanShi","Boss level #6","","t*((t&4096?6:16)+(1&t>>14))>>(3&t>>8)|t>>(t&4096?3:4)"
"SthephanShi","The time is running out!","Hurry up!","t*(t&16384?7:5)*(3-(3&t>>9)+(3&t>>8))>>(3&-t>>(t&4096?2:16))|t>>3"
"SthephanShi","The time is running out!!!","More complicated drums","t*(t&16384?7:5)*(3-(3&t>>9)+(3&t>>8))>>(3&-t>>(t%65536<59392?t&4096?2:16:2))|t>>3"
"SthephanShi","Neurofunk","A modified version of this song is used in the salinewin.exe virus (among many others).","t*((t&4096?t%65536<59392?7:t&7:16)+(1&t>>14))>>(3&-t>>(t&2048?2:10))|t>>(t&16384?t&4096?10:3:2)"
"SthephanShi","Neurofunk - Fist punch version","","t*((t&4096?t%65536<59392?7:t>>6:16)+(1&t>>14))>>(3&-t>>(t&2048?2:10))|t>>(t&16384?t&4096?4:3:2)"
"SthephanShi","42 melody with adjustable decay","","t*(42&t>>10)%256*(1-t%2048/3000)"
"viznut","minimal sierpinski harmony","","t&t>>8"
"viznut","","","t*(((t>>12)|(t>>8))&(63&(t>>4)))"
"viznut","Sin() isn't kosher, people!","","(t>>6|t|t>>(t>>16))*10+((t>>11)&7)"
"viznut","Combined xpansive's and varjohukka's stuff","","(t>>7|t|t>>6)*10+4*(t&t>>13|t>>6)"
"viznut","Another attempt at melody construction","","(t*((3+(1^t>>10&5))*(5+(3&t>>14))))>>(t>>8&3)"
"viznut","moon scanner generalization","Unable to find the remix source.","((t>>5&t)-(t>>5)+(t>>5&t))+(t*((t>>14)&14))"
"viznut","Long Sierpinski Harmony","","(t*5&t>>7)|(t*3&t>>10)"
"tejeez","","","(t*(t>>5|t>>8))>>(t>>16)"
"tejeez","","","t*(((t>>11)&(t>>8))&(123&(t>>3)))"
"tejeez","Noisy beats","","((-t&4095)*(255&t*(t&(t>>13)))>>12)+(127&t*(234&t>>8&t>>3)>>(3&t>>14))"
"tejeez","Bassline #countercomplex","","(~t>>2)*((127&t*(7&t>>10))<(245&t*(2+(5&t>>14))))"
"visy","","","t*(t>>8*((t>>15)|(t>>8))&(20|(t>>19)*5>>t|(t>>3)))"
"visy","Slow progression with 8-bit Atari inspired sounds","","(t%25-(t>>2|t*15|t%227)-t>>3)|((t>>5)&(t<<5)*1663|(t>>3)%1544)/(t%17|t%2048 )"
"sub","Oh the headaches","","(t >> 5) | (t << 3) + ( t * 12 * ( (t>>13) | ( (t>>1) | (t>>10) | (t>>2) ) & (t>>8) ) )"
"xpansive","Lost in Space","","((t*(t>>8|t>>9)&46&t>>8)) ^ (t&t>>13|t>>6)"
"xpansive","","","t%(t/(t>>9|t>>13))"
"miiro","Sierpinski harmony","","t*5&(t>>7)|t*3&(t*4>>10)"
"raer","Combination (Fanfare? + Street Surfer)","","((t&4096)?((t*(t^t%255)|(t>>4))>>1):(t>>3)|((t&8192)?t <<2:t)) ^ ((((t&8192)?((t&4096)?((t&1024)?t*2:t*4):((t&512)?t*4:t*4.2)):((t&4096)?((t&1024)?t*2:t*10):((t&512)?t*2:t*8))>>2)*((t&16384)?3:2))|t*((t&16384)?1/8:1/(.01*t))>>1)"
"rrrola","I'm late to the party","","t*(4+(t>>9)%3)&t/3>>7&224"
"rrrola","CA98","","t*(0xCA98CA98>>(t>>9&30)&15)|t>>8"
"skurk, raer","Street Surfer","","(t&4096)?((t*(t^t%255)|(t>>4))>>1):(t>>3)|((t&8192)?t<<2:t)"
"varjohukka","Fanfare?","","(((t&8192)?((t&4096)?((t&1024)?t*2:t*4):((t&512)?t*4:t*4.2)):((t &4096)?((t&1024)?t*2:t*10):((t&512)?t*2:t*8))>>2)*(( t&16384 )?3:2))|t*(( t&16384 )?1/8:1/(.01*t))"
"godinpants","","","t / 3 >> (t % 40 + 5) | t / (24 + t & 3) >> (t % (15 - ((t >> 15) % 8) * 6) + 5)"
"tonic","mr. arpeggiator playing a solo","","(t/8)>>(t>>9)*t/((t>>14&3)+4)"
"tonic","mr. arpeggiator's cousin as bassist","","(t/4&0xf4)>>t/((t>>14&3)+4)"
"tonic","simple repeating bass","","((2*t&255)*(((-t)>>6)&0xff))>>8"
"frenzy","robot out of control","","(t&64|t>>5)^(t&33|t>>8)^(t&14|t>>9|t&76)^(t|187)^(t*(t>>8&838+t>>13)&644)"
"lucasvb","this shit is addictive","","(t>>6|t<<1)+((t>>5|t<<3)|t>>3)|t>>2|t<<1"
"Paralax","a quite complex one using conditionals","","(t&t*5|t>>6 | ((t&0xFFFF)>0x8000? (-6*t)/7 : ((t&0x1FFFF)>0x10000 ? -9*t&100 : (-9*(t&100)))/11))*10"
"µB","One-liner","","(64*(t>>3|t>>4|t>>9)+(t>>11&t<<2))^2*(t>>16|t|t>>7)+32*(t>>t&32)"
216,"""fractal trees"", 216's version","by 216 and Danharaj","t|t%255|t%257"
216,"","","t*(t^t+(t>>15|1)^(t-1280^t)>>10)"
"Lord Graga","Frere Jacques","","(t>>7|t*3|t>>(t>>15))*10+((t>>8)&5)"
"marmakoide","Lemmings March","","(t>>5)|(t<<4)|((t&1023)^1981)|((t-67)>>4)"
"marmakoide","string instruments, with a metallic triangle","","(t>>(t&7))|(t<<(t&42))|(t>>7)|(t<<5)"
"marmakoide","The fall of Derp Herp","","t*(0x13371337>>(t>>13&27)&127)|t>>4|t<<5"
"stephth","remix of miiro's 1-line symphony","","(t*9&t>>4|t*5&t>>7|t*3&t/1024)-1"
"stimmer","","","(t*(4|7&t>>13)>>((~t>>11)&1)&128) + ((t)*(t>>11&t>>13)*((~t>>9)&3)&127)"
"yumeji","generic 3/4 buildup","","t&0x256?t>>4:t>>10"
"kb_","chip arpeggio that eats itself","","(((t>>1)*(15&(0x234568a0>>((t>>8)&28))))|((t>>1)>>(t>>11))^(t>>12))+((t>>4)&(t&24))"
"krcko","Modem melody","","(t&t>>12)*(t>>4|t>>8)"
"ryg","slightly shorter version of rrola's","","t*(0xCA98>>(t>>9&14)&15)|t>>8"
"ryg","triangle waves","The general form is (t<&lt;N)^-(t<<(N-8)&1)","(t<<4)^-(t>>4&1)"
"ryg","a jaunty tune","","(t*(t>>12)*64+(t>>1)*(t>>10)*(t>>11)*48)>>(((t>>16)|(t>>17))&1)"
"skurk","music for a C64 game","","t*(t>>((t&4096)?((t*t)/4096):(t/4096)))|(t<<(t/256))|(t>>4)"
"tangent128","","","t * ( ((t>>9)&10) | ((t>>11)&24) ^((t>>10)&15&(t>>15)) )"
"Blueberry","Good old fractal melody","","t*(((t>>9)^((t>>9)-1)^1)%13)"
"droid","","","t>>6&1?t>>5:-t>>4"
"Tundrah","ass kicking vocals","Starting properly after 50s.","(t>>5)|(t>>4)|((t%42)*(t>>4)|(0x15483113)-(t>>4))/(t>>16)^(t|(t>>4))"
"beyon","A bit long I suppose...but nice and soothing","","t>>6^t&0x25|t+(t^t>>11)-t*((t%24?2:6)&t>>11)^t<<1&(t&0x256?t>>4:t>>10)"
"harism","","","((t>>1%128)+20)*3*t>>14*t>>18"
"George","","","20 * t*t* (t >>11)/7"
"George","The new unnamed bytebeat by George on blogspot","","t*(t^t>>20*(t>>11))"
"Ola","music bugs","","((1-(((t+10)>>((t>>9)&((t>>14))))&(t>>4&-2)))*2)*(((t>>10)^((t+((t>>6)&127))>>10))&1)*32+128"
"Niklas_Roy","Arcade game","","( t* (( t>>9| t>>13 ) & 15)) & 129"
"Niklas_Roy","Clean melody","","t*(t>>9|t>>13)&16"
"Niklas_Roy","Louder clean melody","","9*(t*((t>>9|t>>13)&15)&16)"
"erlehmann","sine-nomath","","(t&0xF)*((0-t)&0xF)*(((t&0x10)>>3)-1)*0x80/0x41+0x80"
"erlehmann","crowd","","((t<<1)^((t<<1)+(t>>7)&t>>12))|t>>(4-(1^7&(t>>19)))|t>>7"
"wiretapped","","","t^t>>4^(t*((t>>(11+(t>>16)%3))%16))^t*3"
"wiretapped","","","t*(3+(t>>10)%(4+(t>>11)%8))|(t>>5)"
"wiretapped","","","t*(1+((t>>10)*(43+(2*(t>>(15-((t>>16)%13)))%8)))%8)*(1+(t>>14)%4)"
"wiretapped","","","(1+(t>>10)%7)*((t*(1+(t>>13)%4))%(24+(t>>14)*9%8)&16)*10"
"wiretapped","","","((t*(1|(t>>10-((t>>17)%4))%8))&(8<<((t>>13)%4))*((1|(t>>15)%8))) *11*(t>>10)"
"wiretapped","","","(((t>>((t>>12)%4))+t*(1+(1+(t>>16)%6)*((t>>10))*(t>>11)%8))^(t>>13))^((t>>6))"
"yehar","a bare-bones version","","t>>4|t*t*(t>>6&8^8)*(t>>11^t/3>>12)/(7+(t>>10&t>>14&3))"
"yehar","ONE MILLION alarm clocks","","t*t/(t>>12&t>>8)<<7"
"isislovecruft","","","((t*(t>>13|t>>8))|(t>>16)^t)-64"
"isislovecruft","","","((~t>>2)*(2+(42&t*((7&t>>10)*2))<(24&t*((3&t>>14)+2))))"
"r/bytebeat","The 8-bit echo","","(t-(t>>4&t>>8)&t>>12)-1"
"r/bytebeat","Wip","","(((t&t*5)|t>>4)+(t|t>>4*t<<8-1))^t>>12"
"r/bytebeat","Extremely loud grinding machine","","t/(t%(t>>8|t>>16))"
"r/bytebeat","Everything is broken","","(t*t/(1+(t>>9&t>>8)))&128"
"r/bytebeat","It wont stop","","t*((t/401)^(t/400))"
"r/bytebeat","Ststututterter","","(t*(-(t>>8|t|t>>9|t>>13)))^t"
"r/bytebeat","Waiver","","(((t/91)&t)^((t/90)&t))-1"
"r/bytebeat","Glissando","","(t*t)/(t>>13 ^ t>>8)"
"r/bytebeat","Plucker v2","","((t/4)>>t/4)|(t>>2)"
"Anonymous from russian imageboards","1) THE SWINGS","From 2ch.so Generative Music and remixes vol.1","(t%262144<131072)?(((t/64)>>3&t*2&t*10)|(t>>5&t*6)&(t>>4|t>>5)):(t%262144>131072&t%262144<163840)?(t>>4&t*8)&(t>>5|t>>4)|(t*3&t*10):(t%262144>163840&t%262144<196608)?(t>>4&t*8)&(t>>5|t>>4)|(t*3&t*6):(t%262144>196608&t%262144<229376)?(t>>4&t*8)&(t>>5|t>>4)|(t*4&t*6):(t%262144>229376&t%262144<245760)?(t>>4&t*8)&(t>>5|t>>4)|(t*4&t*2):(t>>4&t*8)&(t>>4)|(t*4&t*2)>>20"
"Anonymous from russian imageboards","2) ZEMFIRA","","((t*40>>430|t*40>>4)*430)"
"Anonymous from russian imageboards","4) CAT-GIRL","","t<35000?((t*8)|(t>>2)+(t*13)|(t>>3)%t|t>>5):(t<67500?((t*9)|(t>>2)+(t*13)|(t>>3)%t|t>>5):(t<84000?((t*9)|(t>>2)+(t*12)|(t>>3)%t|t>>5):(t<98000?((t*8)|(t>>2)+(t*12)|(t>>3)%t|t>>5):(t<129000?((t*8)|(t>>2)+(t*13)|(t>>3)%t|t>>5):t%0))))"
"Anonymous from russian imageboards","7) RICK ROLL","","t>125000?t*4.238:t>124375?t*0.01:t>125000?t*4.238:t>122500?t*4.757:t>120000?t*3.364:t>118750?t*0.01:t>115000?t*3.364:t>113750?t*3.564:t>110000?t*4:t>108750?t*0.01:t>106250?t*4.757:t>105000?t*0.01:t>102500?t*4.238:t>101250?t*3.564:t>100000?t*4.238:t>98750?t*3.564:t>97500?t*3.175:t>95000?t*3.564:t>93750?t*4:t>91250?t*4.238:t>90000?t*0.01:t>87500?t*4.757:t>86250?t*0.01:t>83750?t*4.757:t>82500?t*3.564:t>81250?t*4.238:t>80000?t*3.564:t>78750?t*3.175:t>77500?t*0.01:t>72500?t*4.757:t>71250?t*0.01:t>68750?t*5.339:t>67500?t*0.01:t>65000?t*5.339:t>63750?t*3.564:t>62500?t*4.238:t>61250?t*3.564:t>60000?t*3.175:t>52500?t*3.175:t>45000?t*4.757:t>36250?t*4.283:t>35000?t*5.339:t>33750?t*5.657:t>32500?t*6.35:t>25000?t*5.656:t>20000?t*5.04:t>18500?t*3.36:t>7500?t*5.04:t*4.236"
"Anonymous from russian imageboards","9) SADLY","","((t*4>>43|t*4>>4)*43)"
"Anonymous from russian imageboards","11) THE HIT OF THE SEASON","","(t>0&t<65535?t%32>(t/10000)?t>>4:t>>6:0+t>65535&t<65535*2?t%32>(t%43)?t>>4:t>>6:0+t>65535*2&t<65535*3?t%36>(t%43)?t>>4:t>>6:0+t>65535*3&t<65535*4?t%64>(t%43)?t>>4:t>>6:0+t>65535*4&t<65535*5?t%43>5?t<<3:t>>6:0+t>65535*5&t<65535*6?t%27>5?t<<3:t>>6:0+t>65535*6&t<65535*8?t%63>5?t<<3:t>>6:0)&(t>>4)"
"Anonymous from russian imageboards","12) PSYCHEDELIC","","t<40000?((t<20000?((t%(t>>9)*10)|(t/2)&t):(t*(t>>9)*10)&t/2)|(t%(t>>9)*3)&t/16):(t*(t>>9)^t)"
"Anonymous from russian imageboards","15) FRACTAL","","((t*2>>43|t*3*5>>4)*19)&(t*7>>172)/2"
"Anonymous from russian imageboards","Extraordinary thread of FRACTAL MUSIC","","((t>>4+t%34)|(t>>5+t%(43+(t/7777%8>4?3:0))))|(t/4)|((t/8)%32+3)"
"Anonymous from russian imageboards","Electrohouse","Part of the ""Extraordinary thread of FRACTAL MUSIC""","t>>(((t%2?t%((t>>13)%8>=2?((t>>13)%8>=4?41:51):61):t%34)))|(~t>>4)"
"radavis","magical","","((t*9)&(t>>4))|(t*5&t>>7)|(t*3&t/1024)-1"
"cce","fiesta","","((t * (3 + (4 + ((t >> 12) % 2))*(t >> 10) % 7)) & 0x80) * 0.5 * (0.15 + (((t>>9) % 2)))"
"Xaser","son of a glitch","","( ( ((((t >> 10) & 44) % 32) >> 1) + ((((t >> 9) & 44) % 32) >> 1) ) * (t % (2 << 15) < (2 << 14) ? 1.0 : 0.8) * t | t >> 3 ) * (t|(t>>8|t>>6))"
"Gabriel Miceli","Techno","","(t*(((t/10|0)^(t/10|0)-1280)%11)/2&127)+(t*(((t/640|0)^(t/640|0)-2)%13)/2&127)"
"Gabriel Miceli","New Sawtooth Music","","t*((t-2296&t)>>11)"
"Gabriel Miceli","Song by Gabriel Miceli","","(t&t+t/256)-t*(t>>15)&64"
"SArpnt","pwm serpinski harmony","","t&(t>>7)-t&t>>8"
"SArpnt","rhythmic thing","","t*2>>(t*4.5>>4)"
"SArpnt","buzzy grindy beat","","t/((t>>3-(t>>14)%2)%(26>>(t>>16)%3))%1024/12<<9/((t>>5)%128)"
"SArpnt","i don't have a name for this","","(t*3&t>>6)%76"
"RealZynx92","remix of ""Meowing cat""","","t*((t/2>>10|t%16*t>>8)&8*t>>12&18)|-(t/16)+64"
"RealZynx92","non-javascript 8khz song, turned out pretty good","","(((t>>4)>>(t&(t>>11)))*(((t>>4)>>(t&(t>>11)))&128?-1:1))+(t>>t/(t&65536?2:3)&63)+(3E4/(t&4095)&100)"
"GDPlayer_1035","test3","","((t*t-t/400*t/800^t/900)&192&-t/30)+t/40&t/80^t/80"
"GDPlayer_1035","thing","","(t&t/2&t/4)*t/4E3"
"Chasyxx","Electrohouse2","","t>>t%(t%2?t&32768?41:t&16384?51:61:34)&(t/9&t/7|t/5&t/3|t|t*3&t*5|t*7&t*9)>>4"
"Chasyxx","Modem melody II","","(((((t&t>>12)*(t>>4|t>>8))&255) + (((t>>12)-1)&1?((t^(t>>t))^(t^(t>>t))+((t>>15)+1)):0)))/2"
"Chasyxx","WARP_TUNNEL","","((t*2)+2)^(t*(1<<(((t>>8)^(t>>8)+(t>>16))+1)%7))"
"Chasyxx","no limit basic","","(t*(t>>17&1?t>>16&1?24:21:16)/16)|(t>>6^t>>8)"
"Chasyxx","C-trixtraria","","t>>17>14?0:(t>>17==5||t>>17==12||t>>17>12?((t*(t>>16&1?t>>15&1?36:38:t>>15&1?32:27)/((2-(2523490710>>(t>>10&31)&1))*(t>>17>7?3:6)))&(t>>17==14?96:192))-(t>>17>12?0:(t>>11&t&15)):(37649&1<<(t>>10&15)?(int)(((t+314)*128/((t>>5&31)+1)&255)/85)*85:0)|(t>>17?(((t*(t>>16&1?t>>15&1?36:38:t>>15&1?32:27)/(t>>17>5?((2-(2523490710>>(t>>10&31)&1))*(t>>17>7?3:6)):12))&192)+(t>>18?t&15:0))*(t>>18?128+(t>>6&127):128)/128-(t>>17>2?(t>>11&15):0):0))"
"kOLbOSa_exe","OUR task is infinity","","t*(((t>>11&(t>>12))*(t>>8&(t>>16)))%34)+4e5/(t&4095)"
"kOLbOSa_exe","NO ARRAY ARRAY SONG","","((t/t+(((t>>12)%6))+((t>>16)%3))*10)*t>>4"
"kOLbOSa_exe","NO ARRAY ARRAY SONG sqare ver","","((t/t+(((t>>12)%6))+((t>>16)%3))*10)*(t/6)&64"
"kOLbOSa_exe","i said there is no more cool waveforms in non-js","Dubstep-like sound","t*((4e5/(t>>2^(t>>12))))*2"
"kOLbOSa_exe","how is this possible (, i didnt copied mu6k lines)?","Sounds like ""No Limit"" by mu6k","(t*2&((((t&256?-t:t)>>8)&((t&256?-t:t)>>6))))"
"kOLbOSa_exe","glitch","","((t*2%255)/((t>>10)&((t/(t/16&8192?2:4)&16)?31:120)))^9000/(t/4&4095)"
"kOLbOSa_exe","electricity","","((t>>12&3)?((t>>12)%(((t>>16)%6/(3&t>>12))+1)+1)*t&-t>>4:
((t>>1)%(((t>>16)%6/(3&t>>12))+1)+1)*t&t)+5e3/(t/4&4095)"
"kOLbOSa_exe","ELECTROCORE","","(((t*((((t>>16^t>>6&t>>12)>>4)^(t>>18^t>>16)%8)%16))&128)/2)+((t*t/((t>>18^t>>16)%8))&-t>>6)"
"kOLbOSa_exe","ɪɴɗʊʂʈɾɪʌʟɪʈɤ","","(t*(((t>>13)%8)+1))&t*((t>>10&4|t>>12&6|t>>16&12)&6|((t>>18)%8))-(((-t>>16)%4)*9)"
"kOLbOSa_exe","veryangrysymphony","","(t/((t>>13&t>>14)&7)^t-t/256)|(2*((t>>13&t>>14)&3)*t&t>>8|4*t&t>>6)"
"kOLbOSa_exe","Robotik","JS code originally, converted to classic C by SthephanShi","t*(6+(~t>>17&3))/6^t*(6+(~t>>17&3))*(1-1/(1+(t>>14^t>>13)&6))"
"kOLbOSa_exe","brachiosaurus pong (i twisted this paddle)","","((t*4>>((t>>11|t>>12|(t>>((t>>15^t>>10)+5)))&7))*8)&64"
"rubi","thing","","t-((t>>(t&8192?3:2)>>2|t)&t>>10)"
"rubi","floppy spinner :)","","t*(39&t>>12-t*(43&t>>10)/t*(49&t>>11)&t>>9-1)%200"
"rubi","sounds so emotional...","","t*(4&t>>14)+t*(3-(4&t>>10))*(2+(5&t>>12))"
"rubi","Blobfish Party (made by experimenting with ""The time is running out!"")","","(t*(t&8192?7:5)*(6-(3&t>>8)+(3&t>>9))>>(3&-t>>(t&2048?2:11))|t>>3)"
"rubi","combination Fanfare + CA98","","t*(0x21CA52CA>>(t>>9&30)&14)+t*(0xCACACACA>>(t>>9&30)&14)&t>>4"
"rubi","Non-JS thing","","(30000/(t&4095)|t*5*((t>>12)%8&-t>>10)>>1*((t>>8)%4))&128"
"Decent-Manager-6169","stimmer but square and sawtooth are swap","","(t/2*(4|7&t>>13)>>(~t>>11&1)&127)+(t*2*(t>>11&t>>13)*(~t>>9&3)&128)"
"Decent-Manager-6169","stimmer but its all sawtooth","","(t/2*(4|7&t>>13)>>(~t>>11&1)&127)+(t*(t>>11&t>>13)*(~t>>9&3)&127)"
"Decent-Manager-6169","stimmer but its all square","","(t*(4|7&t>>13)>>(~t>>11&1)&128)+(t*(t>>11&t>>13)*(~t>>9&3)&64)"
"Decent-Manager-6169","Completely Reverse of ""rrrola""","","-t*(0xCA98CA98>>(-t>>9&30)&15)|-t>>8"
"_elevate__","Bagpipes or something","","(((((t/1)/t+(t>>3)%8+(t>>3)%3)*1*t>>12)))"
"Diicorp95","Duck Hunt","","((t>>9^(t>>9)-1^1)%13*t&31)*(2+(t>>4))"
"GolezTrol","Send in the Clowns (if that makes it stop) ","Lovebyte 2022 competition.","t>>4|(t>>12)+(222&(t*(1+(7685152>>(t>>12)&15)/8)))"
"lhphr",":arp","Loops in 12 seconds and is rather basic.","((t>>(1+(t>>18)%2))%256*(t%(4+((t>>15)%8))))"
"lhphr","idk it's ""t%""","Rather small and quite over the place for what it is.","(t%(t&t>>12))*t>>8"
"lhphr","%ral","","t>>6^t&t>>9^t>>12|(t<<(t>>6)%4^-t&-t>>13)%128^-t>>1"
"lhphr","Logics, and?","Tried to utilize the logical AND operator.","t&(165&t%255)&&t/256*(t&t>>12)"
"lhphr","Fractalized Past","Sounds familiar...","(t>>10^t>>11)%5*((t>>14&3^t>>15&1)+1)*t%99+((3+(t>>14&3)-(t>>16&1))/3*t%99&64)"
"Anonymous","I have made a thing#2","","(t>>10|t*5)&(t>>8|t*4)&(t>>4|t*6)"
"k0370_","—","","((t*t>>9|t*(t>>16))|t>>4)"
"k0370_","beat thing","","((t*6&t>>5|127*t>>4)>>t/64&t>>5|t>>4|t>>t/64)"
"k0370_","high rhythm thing","","(t>>(t>>13)*t/127)|t>>4"
"k0370_","first made it","","t+(t&1)+(t>>5)*(t>>1)/1|t>>4|t>>8"
"Devan Wolf","Stand, Back, You...","","(t>>(t>>(t>>12&15)))>>t"
"Devan Wolf","Some kind of Non-JS echo effect I discovered?","","((t*(t>>12))<<(-t>>10&7))&-t>>2"
"Devan Wolf","Nice stepdown effects there","","t*(t>>(t>>10&7)&t>>12)"
"Devan Wolf","Cool percussion track","","-t*(t>>3|t>>4|t>>5|t>>6|t>>7)-t"
"Devan Wolf","Inchwormy Beat","","t<<(t>>8)*231"
"Devan Wolf","Tunnel sounds music?","","(43*(t|t>>11)&255)*(8|~t>>6&55)>>6"
"Devan Wolf","Another cellular melody","","(t<<1&t*3&-t>>5&t>>10)-1"
"Devan Wolf","Combination stimmer + Street Surfer","","(t*(4|t>>13&3)>>(~t>>11&1)&128|t*(t>>11&t>>13)*(~t>>9&3)&127)^(t&4096?(t*(t^t%255)|t>>4)>>1:t>>3|(t&8192?t<<2:t))"
"May_I_Change_My_Name","Bytebeat Polka","","~t>>3&(t>>11&1?5:4-(t>>12&1))*t&(t>>7)+t"
"May_I_Change_My_Name","BM9 harmony","","2*t&(t>>8)|5*t&(t>>7)|9*t&(t>>4)|15*t&(t>>4)"
"orion_aboy","1fcccf1 (c compatible version)","","((((t>>1)*(1<<(t>>16&3)))*((0x1fccccf1>>(t>>10)*(t>>11))&7))|t>>3)|128-((t&4095)>>8?0:t*(t^t%9)&63|t>>2)"
"psubscirbe","badbeats and safe square edition","","t*((0xbadbea75>>((t>>12)&30)&3)*0.25*(0x5afe5>>((t>>16)&28)&3))&128"
"psubscirbe","hydrogen fucker","","((t/2/(4+(t>>13&3))*128)|t>>(t>>12&15))+400000/(t&4095)|t>>4"
"psubscirbe","wheezing modem + moon scanner generalization","","(t-(t^t>>5)+t*(t>>14&14)&255)/2+(100*((t<<2|t>>5|t^63)&(t<<10|t>>11))&255)/2"
"wyngwyrm","WhiskedAwayToPomerania","",
"sean","bunge jumper","","(t*5)*((t>>8)%((t>>12)%9))%((((t/4)>>12)*16)%256)|(t)%32"
"MeWhen-I-StubMyToe","e","","((2*t&255)*(-t>>6&t>>7)>>8|t&t>>1)|t&t>>1"
"Natt","Stress Signal","Lovebyte 2022 competition - 2nd place.","((t/(t>>9&15))&32)*(((-t>>16&t>>20|t>>21)&118518023>>(t>>11))&1)+((t/(t%152))&(-t>>7&t>>10&t>>17)&63)+(t*4/(3353657496>>(t>>18<<3)&255)&23)+(t*8/(3370500505>>(t>>18<<3)&255)&23)+(t*5/24&(-t>>9&13))+(t*5/32&(-t>>8&13))+((t/4-t/64*(-t>>17&1))&(-t/3>>8&13))"
"aturned777","","","t>>t/(4+(t>>15)%16)*(1+(3&t>>13))>>(2&t>>11)"
"aturned777","slightly improved version of rrola's","","t*(0xCA98CA98CA98>>(t>>9&(t>>10))&15)&t>>8"
"aturned777","Modem melody rhythm","","(-t&(t>>4&t>>4)&t>>11)-1&-t>>4"
"Zackx","42 melody with decay","","t*((42&t>>10))%256*(-t&2047)/2e3"
"Zackx","combination bassline + isislovecruft","","((-t>>2&255)*((127&t*(7&t>>10))<(245&t*(2+(5&t>>14))))%256+(-t>>2&255)*(2+(42&2*t*(7&t>>10))<(24&t*((3&t>>14)+2)))%256)/2"
"Zackx","simply XOR C code","","t^t>>(t>>14&15)"
"Zackx","Combination stimmer + Street Surfer fix up","","((t*(4|t>>13&3)>>(~t>>11&1)&128|t*(t>>11&t>>13)*(~t>>9&3)&127)&255)/2+((t&4096?(t*(t^t%255)|t>>4)>>1:t>>3|(t&8192?t<<2:t))&255)/2"
"Zackx","happiness","","(t*(2&t>>10|(t>>10&18)-8)&128)*(-t>>2&255)>>7"
"Zackx","80s video game noise","","(t*(3&-t>>8|(t>>10&9)+4*(6&t>>10)+4)&128)*(-t>>2&255)>>7"
"Zackx","just focus","","(t*(2&t>>10|(t>>10&9)-4*(3&t>>15)+3)&128)*(-t>>2&255)>>7"
"Zackx","bongo","","(((t*(t&131072?t&65536?3/2:4/3:1)>>1*(1&~t>>13)&128)*(-t>>5<<(1&t>>15)&255)>>7)+(t>>5<<(1&t>>15)&255)/2)"
"Zackx","laser corrupt","","t/(t%(127&t>>(3&t>>15)>>5)>>(3&t>>14))"
"Zackx","C compatible ii","","t*(15&t>>10)|t>>6^t>>8"
"Zackx","C compatible instruments","","t>>3&127|t>>4&128|t>>3&128"
"Zackx","C compatible instruments","","t>>3&127|t>>4&128|t>>3&128|(t&4096?t&8192?64:0:0)"
"Zackx","non-js echo","","t>>2&t<<(7&~t>>10)"
"Zackx","my last brain cell","","(t*t/(t%8192)|t>>2)*(t>>12)>>4"
"Cool_ObbyDeveloper","yes.","","(t%255&-t%1)-(3*t&t>>13&t>>6)*t>>7"
"Cool_ObbyDeveloper","t*","","t*((t>>12|t>>9)&241&t>>4)"
"Glebguything","Space Status VS Pong","","t%(t>>15^(t/90)%(t>>9)%(t&t>>100))-2"
"ANON256-64","frequency dancer","","(t%125&t>>8)|t>>4|t*t>>8&t>>8"
"ANON256-64","Electrical Basement cacophony","","t/(0xF0015*t&t>>12)|t*(0xF0015*t&t>>12)-1"
"PB95Player","slightly altered version of rrolas formula","","(t*(0xCA98CA98CA98>>(t>>9&44)&15)|t>>8)|(40000/(t&4095))"
"emelchenko","chaotic craziness","","(t^t>>12)*t>>8"
"absolute197","H_YPN0T1Z3%","","(t>>3&1)*t>>3^t/128*t"
"SquareWave","ommm","","t ^ (t/2) * (t/t) ^ t * (t/10000000)"
"SleepingLugia","Tune 5","","(t*((t>>9|t>>11)%7*(~t>>8&2))&64)+(t*((t>>9|t>>8)%7*(~t>>8&2))&64)+(t*((t>>9|t>>12)%7*(~t>>9&2))&64)"
"hcdphobe","b-link","","(((t>>(t>>14)%4)+t*(1+(1+(t>>18)%6)*(t>>12)*(t>>13)%8))/4|-t>>5)+20"
"hcdphobe","times new music","","((0b1011101101>>(t>>13&7|-t>>12&11|(-t>>14&5))/3)*t/3520&1)&&(-t>>5)*((t>>15&3)==2?1/4:t>>7&128?(t>>15&3)!=0?1/2:2:1)"
"hcdphobe","OMG TEH BYTEBEATNESS number one","","t*(t&16384?16/3:t&32768?13*32/93:5)*(t&65536?t&4096?3/2:1:1)|t>>(t&65536?4:6)"
"hcdphobe","OMG TEH BYTEBEATNESS number two (pwm)","","64+((t/2*(t&16384?16/3:t&32768?13*32/93:5)*(t&65536?t&4096?3/2:1:1)&127)+(t>>(t&65536?5:7)&127)&128)"
"hcdphobe","sparta c thingy","","(t%131072>98304?(1+(t>>11&3))*2:t%262144>32768&&t>>11&1?-t&32768?4:3:2)*t/4%(t&8192?48:t&16384?57:51)*(t%262144<32768?-t>>11&1:1)*4&128"
"hcdphobe","no limit basic without ternary operators","","t*(15&39014>>(12&t>>14))/6|t>>6^t>>8"
"awogler9124812041","attempt at making a c-compatible song","","t*(t>>12&1?(4-(1&t>>1))>>(3&t>>2):1)*((t>>13&2)+1)*((t>>14&4)+1)|t>>3"
"awogler9124812041","CA98 remix","","t*(0xCA98CA98>>(t>>9&30)&15)|t>>8|t<<(t>>9)^80000/(t&4095)"
"SHCWAZERNECJLACE","ilovemykids26","","3*t^t>>6|t"
"SHCWAZERNECJLACE","cool little fight scene","","3*t^t>>1&(0xcabd1)&(t>>8%42)"
"SHCWAZERNECJLACE","monoxide type thing","","t*t%(55*0xCADE11)"
"ANoUserXD","Atari sound discovered?","","t*(0xAFEDC320>>t/(6-(t>>10&13))&1)?128:0"
"ANoUserXD","Fractal trying to make music","","(1+(t>>12))*(t^t+(t>>8&3|t>>9&11|-t>>10&14))"
"ANoUserXD","Tundrah + visy","","((t>>5|t>>4|(t%42*(t>>4)|357052691-(t>>4))/(t>>16)^(t|t>>4))&255)/2+((t%25-(t>>2|15*t|t%227)-t>>3|(t>>5&1663*(t<<5)|(t>>3)%1544)/(t%17|t%2048))&255)/2"
"ANoUserXD","8-bit guitar","","(t/(t/(3+(t>>12&3))*(3+(t>>14&6))&120)&1023)/(t>>5&127)"
"ANoUserXD","t>>t%","","((t>>t%(t%2?7:19)|t>>t%(t&16384?36:32))&65535)/(t%4096)"
"IncreaseRegular","Shimmer Surfer","","a=(0.5*t*(4|t>>13&3)>>(~t>>11&1)|~t>>5)&127,b=0.5*(t*(t>>11&t>>13)*(~t>>9&3)&127)&127+128,c=((t&4096?(t*(t^t%255)|t>>5)>>1:t>>4|(t&8192?t<<1:t))&127)+64,a+b+c"
"Federal_Loss2780","Inter Time Dubstep","","(t>>(t>>13&31)&128)+((t&t>>12)*t>>12)+3e5/(t%16384)"
"PortablePorcelain","""an random song i made"" c compatible","","(t*(t&(1<<4+(t>>17&3))+3)>>8)+t"
"PortablePorcelain","C-compatible(?) Intolerable Claps","","((t*((2*t>>11&t>>13)%11%9%7)>>1)&127)+((((t>>11)+2&3)?0:1)*(-t>>4&127)*(((t>>2^-(t&t>>2))*t)&255)>>8)+((-t>>12&7?(-t>>11&1):1)*(5000/(t%2048?t%2048:1))&128)"
"PortablePorcelain","I don't know what this is","","t<<(t>>1)%(1<<(((t>>6&t>>10)&63)*7>>3))^t>>5"
"PortablePorcelain","Noise maker with only one variable","","(((t&4096?t*(t^t+t/256)|t>>4:t>>3|(t&8192?t<<2:t))>>1&127)+((t*((t>>9^(t>>9)-1^1)%13)&255)>>1))*(2+(t>>16))"
"PortablePorcelain","zeit v2 but it's actually c compatible","","(((t*(t&16384?7:5)*(3-(3&t>>9)+(3&t>>(-t>>20&1?8:11)))>>(3&-t>>(t&(-t&57344?4096:6144)?2:16))|(-t&24576?(t*3>>5)%192:(t>>4)%192)|(t>>20&1?t>>4:t>>(-t>>18&1)+2))&255)>>1)-(t>>18&1?((-t>>1)*(t&16384?7:5)>>(-t>>10&3)&t>>4&255)>>1:(-t>>2)*(t&16384?7:5)>>(-t>>10&3)&(t>>4&255)>>1)+(128&(int)(4e4/(1+(t&(-t&28672?4095:2047)))))+((t>>18&3)&&(-(t*(t^t%9)&255&-(t>>(t>>11&31?(-t&14336?5:4)-!(-t&28672)-!(-t&122880):6))<<2&255)>>2))+128"
"PortablePorcelain","Basics","","((t&3072?(2048+t%4096)%3072/12:0)*((10*(t>>6|t|t>>(t>>16&3))+(7&t>>11))%256)>>8)+(t&3072?0:(((t%256)*(1024-t%1024)/3>>6&128)>>(t>>8&15)))"
"Butterroach","42 melody but ternary operations","","t*((t>>11)%32==0|(t>>11)%32==2|(t>>11)%32==8|(t>>11)%32==10?0:(t>>11)%32==1|(t>>11)%32==3|(t>>11)%32==9|(t>>11)%32==11?2:(t>>11)%32==4|(t>>11)%32==6|(t>>11)%32==12|(t>>11)%32==14?8:(t>>11)%32==16|(t>>11)%32==18|(t>>11)%32==24|(t>>11)%32==26?32:(t>>11)%32==17|(t>>11)%32==19|(t>>11)%32==25|(t>>11)%32==27?34:(t>>11)%32==20|(t>>11)%32==22|(t>>11)%32==28|(t>>11)%32==30?40:(t>>11)%32==21|(t>>11)%32==23|(t>>11)%32==29|(t>>11)%32==31?42:10)"
"Butterroach","chip","","(t&1024||t&16384&&t&2048&&!(t&512))?(t&4096&&!(t&2048)?(t*t*t>>~t*t)+127:t*((t>>11&1)+1)*(1+(t>>16&1)*3))*2:0"
"Dr_Dogan420","YAAAAY","","(t*43532>>233)*(t>>325)|t>>2543"
"MasterNama_12803","world cup-y effect","","t*(((t>>7)&24)&t>>8|(t>>10)&40)|((t>>4|t)&42|(t>>2)&t>>7)|((t>>6)&4)"
"87634218675342698753","robot toothbrush","","((t/800|10)*t&85)-t&t/4"
"WoolWL","Bytebreak","","((t&32767)>>13==2|(t&65535)>>12==9?(t^-(t/8&t>>5)*(t/8&127))&(-(t>>5)&255)*((t&65535)>>12==9?2:1):(t&8191)%((t>>5&255^240)==0?1:t>>5&255^240))/4*3+(t*4/(4+(t>>15&3))&128)*(-t>>11&2)*((t&32767)>>13!=2)/3"
"Zera12873","messing around with ""0x___""","","t>>2|(0xC098C098>>(t>>10))*t|t>>10"
"SamsaDev","Sequen_0x6","","(((t*(t>>30|t>>13)/2)) >> (t*(t>>50|t>>10)&7^t>>7|t>>82)) | (t>>4|t>>4) >> (t&(t/0x6))"
"D3nschøt","acid styled dubstep","","t*(-t>>((t>>13)%8+2)&(t>>12)%256)/4+(1048576/(t%65536)&128)"
"D3nschøt","uhhh","","(((t*((79>>((t>>12)%8)&15)+1)/4)|t/32)&t/32+64-(t>>18)%2)-t/32+1"
"D3nschøt","Pent 0x6","","(t>>6&((((t/16&255)&(t/16>>6&128)&(t/16>>5&128)&(t/16>>4&128)&(t/16>>3&128))?0:(2<<31)-1)))<<(t*(6+(t>>17&3))/6&t/6*(6+(t>>17&3))/6)/4|(2<<17)/(t%(2<<13)+1)&128|t/3*2*(6+((t^t/2^t/4&t/8)>>12&3))/6%128"
"D3nschøt","Random Note generator 2","","t/2*(6+((t^t/2^t/4&t/8)>>13&3))/6%128+t/4*(6+((t>>18)&3))/6%128"
"D3nschøt","Random Note generator 3","","t*((-1-t*(6+((t^t/4&t/2)>>12&3))/6&255)>=(t/256&127))/128%256/3+t*(6+(t>>18&3))/12%256/4+((2<<17)/(t%(1<<15))&128)/2+((t-t/256)%256/4+(t+t/128)*7/6%256/4+(t*8/6+t/256)%256/4+(t*9/6-t/512)%256/4)*2/5"
"D3nschøt","binary","Binary counter on the scope. Set ""Diagram"" mode and max zoom.","(t>>12>>(t>>7&7)&1)*255"
"D3nschøt","RYG but c compatible","","((t/2*((t>>12^(t>>12)-2)%11)/2|t>>13)&127)+(t/12*(0x98646363>>(t>>11&28)&15)&128)"
"D3nschøt","Another C compatible thing","","t*(6+((((t>>18&1?t>>(t>>18&1?13:12)&3:0)^(t>>(t>>18&1?14:13)&(-t>>(t>>18&1?15:14)&3?1:2)))+3)&3))/8%128
+((t*(6+(t>>16&3))/16|(t>>7^t>>9))%128)"
"D3nschøt","div","","(((300000/(t%65536%40960))|(t*2/((0x23435469654>>(t>>12&15)&7))+t/256&127)|(t*2/(0x5654>>(t>>14&12)&15)*(t>>13&1)&128))&255)*3/5+(t*32/(0x89AC>>((((0x0110>>(t>>11&12)&15)?(~t>>12)*2+(~t>>(t>>15&1?14:13)&1):(t>>12))&3)*4)&15)&255)/5+((t/((t>>13)+2&3?1:6)|0)*((t/((t>>13)+2&3?1:6|0)|0)/80%256*((t/((t>>13)+2&3?1:6)|0)&255))&256)*(((t>>13)+2&3?~t>>4:~t>>5)&255)/256/5"
"Mydreamsarereddit","the battle of the bytebeats!","","((t>>5|t>>4|(t%42*(t>>4)|357052691-(t>>4))/(t>>16)^(t|t>>4))&255)/3+((t%25-(t>>2|(t&16384?21.3333333333:16)*t|t%227)-t>>3|(t>>5&1663*(t<<5)|(t>>3)%1544)/(t%17|t%2048))&255)/3+(100*((t<<2|t>>5|t^63)&(t<<10|t>>11)))%256/3"
"No_Half-d01-8875","for every ""loop"" it slightly changes","","-t%(-t>>(t&t>>12))&-t>>5"
"TrashImpossible3699","whar","","(-t>>2)*(t<<5&t>>2&t>>7&t*3&t>>5)/256"
"feeshbread","bleep","","t*((t>>10)%6)&(t>>6)"
"feeshbread","sounds like there is delay","","(t>>2)*(t>>6)|(t>>3)^t>>4"
"Greaserpirate","the perfect c compatible drums","These drums can also be added to ANY 8khz song. Just add this before the beginning: (t>>9&1+t>>12&7?0:9001/(t%4096)-t/9&8?-1:0)^t>>4&","t*t*4/((5656>>(t>>12&14)&7)+9)*(t>>10&893)&t>>4^((t>>16&1?0:t>>10&-t>>14&3)|t>>9&1+t>>12&7?0:9001/(t%4096)-t/9&8?-1:0)"
"Greaserpirate","tejeez' first song with drums","","(t>>9&1+t>>12&7?0:9001/(t%4096)-t/9&8?-1:0)^t>>4&t*(t>>5|t>>8)>>(t>>16)"
"Greaserpirate","wheezing modem with drums","","(t>>9&1+t>>12&7?0:9001/(t%4096)-t/9&8?-1:0)^t>>4&100*((t<<2|t>>5|t^63)&(t<<10|t>>11))"
"eSlashMachine","ringtone ahh bytebeat","","(((t<<(t>>12&1))+(t<<(t>>80&17))+(t<<(t>>10&49))))"
"eSlashMachine","tried to make a ""full"" c-compatible song","The kick drum was taken from ""Basics"" and modified to fit.","(((((t>>t/(t&65536?t&32768?6:5:4)*(0xAE242E28>>(t>>10&31)&(t&65536?7:6))&((t>>13)+1))*-t>>5)+((t>524288)*((t>>t*8/(t&65536?t&32768?6:5:4)))))&-t>>t&(t<786432&&t>524288?255:t>262144?t>>4:t<131072?t>>9:255))+(t<786432&&t>524288?t>>t&t>>10:t>262144?(t%4096>512?0:(t%256*(1024-t%2048)/4>>5&128)>>(t>>9&7))*1.5+(((t&4096?(-t*t):0)&128))/2:0))"
"Frosty_Replacement12","no limit basic without ternary functions turned into trance beat","","((t*(15&39014>>(12&t>>14))/6|t>>6^t>>8|t>>12)&255)/((t*(15&39014>>(12&t>>14))/12)&127)|t>>6"
"Straight_Ambition375","Rain drum","","-t%(t/(12|t%(t>>4)))/7"
"LoudExcitement1802","a mix of t>>t%(t>>12) and GDPlayer_1035’s thing","","(t>>t%(t>>12))|((t&t/2&t/4)*t/4E3)"
"PrincessPriscillaPT","Hard Way but C-Compatible","","t*(t>>15&1?(t>>14&1?(t>>16&1?1:16/9/2):(t>>16&1?15/8/2:5/3/2)):1)*(t>>17&1?3/2:6/5)*(1+(t>>11&3))|t>>((t>>15&3)==2?6:t>>15&3?4:5)"
